Feature,Family,Split,Is_Vehicle_Dimension,Vehicle_Dimension_Bound_Applied,Imputation,Train_Median_Used,Lower_Bound,Upper_Bound,Missing_Before,Min_Before_Clip,Max_Before_Clip,Min_After_Clip,Max_After_Clip,Below_Bound_Before,Above_Bound_Before,Violation_After,Clip_Count,Extreme_Value_Warning,Train_Missing_Before,Test_Missing_Before,Transform,Missing_Token,Train_Level_N,Test_Unseen_Level_N,Test_Unseen_Levels
身高(GROESP),bio,Train,0.0,0.0,train_median_for_engineering_continuous,168.0,30.0,250.0,2097.0,80.0,183.0,80.0,183.0,0.0,0.0,0.0,0.0,0.0,,,,,,,
身高(GROESP),bio,Test,0.0,0.0,train_median_for_engineering_continuous,168.0,30.0,250.0,490.0,65.0,182.0,65.0,182.0,0.0,0.0,0.0,0.0,0.0,,,,,,,
身高估计(GROESPG),bio,Train,0.0,0.0,train_median_for_engineering_continuous,170.0,30.0,250.0,902.0,150.0,190.0,150.0,190.0,0.0,0.0,0.0,0.0,0.0,,,,,,,
身高估计(GROESPG),bio,Test,0.0,0.0,train_median_for_engineering_continuous,170.0,30.0,250.0,240.0,150.0,190.0,150.0,190.0,0.0,0.0,0.0,0.0,0.0,,,,,,,
体重(GEWP),bio,Train,0.0,0.0,train_median_for_engineering_continuous,70.0,2.0,200.0,2153.0,11.0,170.0,11.0,170.0,0.0,0.0,0.0,0.0,0.0,,,,,,,
体重(GEWP),bio,Test,0.0,0.0,train_median_for_engineering_continuous,70.0,2.0,200.0,511.0,15.0,80.0,15.0,80.0,0.0,0.0,0.0,0.0,0.0,,,,,,,
体重估计(GEWPG),bio,Train,0.0,0.0,train_median_for_engineering_continuous,70.0,2.0,200.0,1106.0,50.0,120.0,50.0,120.0,0.0,0.0,0.0,0.0,0.0,,,,,,,
体重估计(GEWPG),bio,Test,0.0,0.0,train_median_for_engineering_continuous,70.0,2.0,200.0,289.0,50.0,80.0,50.0,80.0,0.0,0.0,0.0,0.0,0.0,,,,,,,
年龄年数记录(ALTER1),age,Train,0.0,0.0,train_median_for_engineering_continuous,50.0,0.0,120.0,163.0,0.0,99.0,0.0,99.0,0.0,0.0,0.0,0.0,0.0,,,,,,,
年龄年数记录(ALTER1),age,Test,0.0,0.0,train_median_for_engineering_continuous,50.0,0.0,120.0,42.0,2.0,90.0,2.0,90.0,0.0,0.0,0.0,0.0,0.0,,,,,,,
FEATURE_Age_Years,age,Train,0.0,0.0,train_median_for_engineering_continuous,50.0,0.0,120.0,163.0,0.0,99.0,0.0,99.0,0.0,0.0,0.0,0.0,0.0,,,,,,,
FEATURE_Age_Years,age,Test,0.0,0.0,train_median_for_engineering_continuous,50.0,0.0,120.0,42.0,2.0,90.0,2.0,90.0,0.0,0.0,0.0,0.0,0.0,,,,,,,
温度(TEMP),other,Train,0.0,0.0,train_median_for_engineering_continuous,22.0,-50.0,60.0,2309.0,2.0,40.0,2.0,40.0,0.0,0.0,0.0,0.0,0.0,,,,,,,
温度(TEMP),other,Test,0.0,0.0,train_median_for_engineering_continuous,22.0,-50.0,60.0,570.0,3.0,36.0,3.0,36.0,0.0,0.0,0.0,0.0,0.0,,,,,,,
交通控制(VKREG),other,Train,0.0,0.0,train_median_for_engineering_continuous,3.0,,,390.0,2.0,12.0,2.0,12.0,0.0,0.0,0.0,0.0,0.0,,,,,,,
交通控制(VKREG),other,Test,0.0,0.0,train_median_for_engineering_continuous,3.0,,,106.0,2.0,11.0,2.0,11.0,0.0,0.0,0.0,0.0,0.0,,,,,,,
路面附着系数(MUE),road_surface,Train,0.0,0.0,train_median_for_engineering_continuous,0.83,0.0,1.2,2311.0,0.4,0.85,0.4,0.85,0.0,0.0,0.0,0.0,0.0,,,,,,,
路面附着系数(MUE),road_surface,Test,0.0,0.0,train_median_for_engineering_continuous,0.83,0.0,1.2,570.0,0.43,0.85,0.43,0.85,0.0,0.0,0.0,0.0,0.0,,,,,,,
VEH_车长(LAENGE),vehicle_size,Train,1.0,1.0,train_median_for_engineering_continuous,4598.5,300.0,25000.0,392.0,418.0,38961660.0,418.0,25000.0,0.0,1.0,0.0,1.0,1.0,,,,,,,
VEH_车长(LAENGE),vehicle_size,Test,1.0,1.0,train_median_for_engineering_continuous,4598.5,300.0,25000.0,106.0,452.0,6995.0,452.0,6995.0,0.0,0.0,0.0,0.0,0.0,,,,,,,
VEH_车宽(BREITE),vehicle_size,Train,1.0,1.0,train_median_for_engineering_continuous,1800.0,500.0,3500.0,392.0,1200.0,4530.0,1200.0,3500.0,0.0,1.0,0.0,1.0,1.0,,,,,,,
VEH_车宽(BREITE),vehicle_size,Test,1.0,1.0,train_median_for_engineering_continuous,1800.0,500.0,3500.0,106.0,179.0,2490.0,500.0,2490.0,1.0,0.0,0.0,1.0,1.0,,,,,,,
VEH_车高(HOEHE),vehicle_size,Train,1.0,1.0,train_median_for_engineering_continuous,1495.0,500.0,4500.0,392.0,1322.0,150031.0,1322.0,4500.0,0.0,3.0,0.0,3.0,1.0,,,,,,,
VEH_车高(HOEHE),vehicle_size,Test,1.0,1.0,train_median_for_engineering_continuous,1495.0,500.0,4500.0,106.0,177.0,3090.0,500.0,3090.0,1.0,0.0,0.0,1.0,1.0,,,,,,,
VEH_意识到危险前的初始速度(V0),speed_v0,Train,0.0,0.0,train_median_for_engineering_continuous,43.0,0.0,250.0,244.0,0.0,140.0,0.0,140.0,0.0,0.0,0.0,0.0,0.0,,,,,,,
VEH_意识到危险前的初始速度(V0),speed_v0,Test,0.0,0.0,train_median_for_engineering_continuous,43.0,0.0,250.0,60.0,0.0,107.0,0.0,107.0,0.0,0.0,0.0,0.0,0.0,,,,,,,
VEH_碰撞速度(VK),speed_vk,Train,0.0,0.0,train_median_for_engineering_continuous,40.0,0.0,250.0,199.0,0.0,130.0,0.0,130.0,0.0,0.0,0.0,0.0,0.0,,,,,,,
VEH_碰撞速度(VK),speed_vk,Test,0.0,0.0,train_median_for_engineering_continuous,40.0,0.0,250.0,58.0,0.0,107.0,0.0,107.0,0.0,0.0,0.0,0.0,0.0,,,,,,,
VEH_碰撞角度(KWINK),crash_type,Train,0.0,0.0,train_median_for_engineering_continuous,80.0,,,1.0,-180.0,99999.0,-180.0,99999.0,0.0,0.0,0.0,0.0,0.0,,,,,,,
VEH_碰撞角度(KWINK),crash_type,Test,0.0,0.0,train_median_for_engineering_continuous,80.0,,,0.0,-175.0,99999.0,-175.0,99999.0,0.0,0.0,0.0,0.0,0.0,,,,,,,
鞋跟高度(ABSHOHE),other,Train/Test,,,train_median_numeric,3.0,,,,,,,,,,,,,2308.0,570.0,,,,,
涉及人员数(BETAUSVU),other,Train/Test,,,train_median_numeric,1.0,,,,,,,,,,,,,2308.0,570.0,,,,,
酒精测试结果数值(TESTDIG),other,Train/Test,,,train_median_numeric,0.0,,,,,,,,,,,,,2308.0,570.0,,,,,
血液中酒精浓度(BLUTALK1),other,Train/Test,,,train_median_numeric,0.0,,,,,,,,,,,,,2308.0,570.0,,,,,
根据事故类型确定的参与方A(UTYPA),crash_type,Train/Test,,,train_median_numeric,1.0,,,,,,,,,,,,,2133.0,520.0,,,,,
根据事故类型确定的参与方B(UTYPB),crash_type,Train/Test,,,train_median_numeric,2.0,,,,,,,,,,,,,2133.0,520.0,,,,,
风速(WINDS),weather,Train/Test,,,train_median_numeric,0.0,,,,,,,,,,,,,2308.0,570.0,,,,,
总体机动车道数（条）(NOLAN),lane,Train/Test,,,train_median_numeric,0.0,,,,,,,,,,,,,2570.0,643.0,,,,,
曲率半径(KRADIUS),other,Train/Test,,,train_median_numeric,0.0,,,,,,,,,,,,,1491.0,381.0,,,,,
道路方向变化(KGRAD),other,Train/Test,,,train_median_numeric,0.0,,,,,,,,,,,,,2133.0,520.0,,,,,
横向坡度(NEIGFBQ),other,Train/Test,,,train_median_numeric,1.045,,,,,,,,,,,,,2308.0,570.0,,,,,
纵向坡度(NEIGUNGP),other,Train/Test,,,train_median_numeric,3.035,,,,,,,,,,,,,2308.0,570.0,,,,,
单向车道宽度(RFBREIT),lane,Train/Test,,,train_median_numeric,720.0,,,,,,,,,,,,,2133.0,520.0,,,,,
道路总宽度(STRBREIT),other,Train/Test,,,train_median_numeric,1415.5,,,,,,,,,,,,,1494.0,381.0,,,,,
道路限速(ROADSPEED),other,Train/Test,,,train_median_numeric,50.0,,,,,,,,,,,,,1118.0,277.0,,,,,
VEH_最高车速(MSD),other,Train/Test,,,train_median_numeric,185.0,,,,,,,,,,,,,2308.0,570.0,,,,,
VEH_发动机功率(LSTG),other,Train/Test,,,train_median_numeric,96.0,,,,,,,,,,,,,390.0,106.0,,,,,
VEH_气缸排量(HUBR),other,Train/Test,,,train_median_numeric,1591.0,,,,,,,,,,,,,2308.0,570.0,,,,,
VEH_整备质量(LGEW),other,Train/Test,,,train_median_numeric,1380.0,,,,,,,,,,,,,390.0,106.0,,,,,
VEH_车辆总质量(ZULGEW),other,Train/Test,,,train_median_numeric,1845.0,,,,,,,,,,,,,390.0,106.0,,,,,
VEH_碰撞时的总重(GEWGES),vehicle_mass,Train/Test,,,train_median_numeric,1497.5,,,,,,,,,,,,,200.0,54.0,,,,,
VEH_里程数(KMST),other,Train/Test,,,train_median_numeric,99999.0,,,,,,,,,,,,,390.0,106.0,,,,,
VEH_车辆的重心高度(VEHCGHT),other,Train/Test,,,train_median_numeric,50.0,,,,,,,,,,,,,2308.0,570.0,,,,,
VEH_准乘人数(DESNUMB),other,Train/Test,,,train_median_numeric,5.0,,,,,,,,,,,,,390.0,106.0,,,,,
VEH_CLTC续航里程(MILEAGE2),other,Train/Test,,,train_median_numeric,0.0,,,,,,,,,,,,,2534.0,631.0,,,,,
VEH_WLTC续航里程(MILEAGE3),other,Train/Test,,,train_median_numeric,0.0,,,,,,,,,,,,,2534.0,631.0,,,,,
VEH_驶离道路的角度(ABWINK),other,Train/Test,,,train_median_numeric,0.0,,,,,,,,,,,,,2308.0,570.0,,,,,
VEH_碰撞前平均制动减速度(BV),crash_type,Train/Test,,,train_median_numeric,35.95,,,,,,,,,,,,,2.0,2.0,,,,,
VEH_碰撞前的制动距离(WEGV),crash_type,Train/Test,,,train_median_numeric,0.5,,,,,,,,,,,,,39.0,14.0,,,,,
VEH_柱状物直径(MDURCH),other,Train/Test,,,train_median_numeric,0.0,,,,,,,,,,,,,2133.0,520.0,,,,,
VEH_边坡坡度(RAMPSLOP),other,Train/Test,,,train_median_numeric,0.0,,,,,,,,,,,,,2308.0,570.0,,,,,
VEH_边坡横向宽度(RPWIDTH),other,Train/Test,,,train_median_numeric,0.0,,,,,,,,,,,,,2308.0,570.0,,,,,
VEH_护栏单元长度(SPLANKEL),other,Train/Test,,,train_median_numeric,0.0,,,,,,,,,,,,,2308.0,570.0,,,,,
VEH_护栏顶端离地高(SPLANKEH),other,Train/Test,,,train_median_numeric,0.0,,,,,,,,,,,,,2308.0,570.0,,,,,
VEH_车上第一碰撞点X向坐标(BRPX),crash_type,Train/Test,,,train_median_numeric,15.0,,,,,,,,,,,,,390.0,106.0,,,,,
VEH_车上第一碰撞点Y向坐标(BRPY),crash_type,Train/Test,,,train_median_numeric,60.0,,,,,,,,,,,,,390.0,106.0,,,,,
VEH_车上第一碰撞点Z向坐标(BRPZ),crash_type,Train/Test,,,train_median_numeric,50.0,,,,,,,,,,,,,390.0,106.0,,,,,
VEH_接触重合度(OVERPER),other,Train/Test,,,train_median_numeric,0.0,,,,,,,,,,,,,5.0,0.0,,,,,
FEATURE_Hour,other,Train/Test,,,train_median_numeric,13.0,,,,,,,,,,,,,0.0,0.0,,,,,
人员类型(PTYPE),other,,,,,,,,,,,,,,,,,,,,missing_as_explicit_category_then_onehot,MISSING_OR_UNKNOWN,4.0,0.0,
性别(GESCHL),bio,,,,,,,,,,,,,,,,,,,,missing_as_explicit_category_then_onehot,MISSING_OR_UNKNOWN,3.0,1.0,5-孕妇
国籍(NAT),other,,,,,,,,,,,,,,,,,,,,missing_as_explicit_category_then_onehot,MISSING_OR_UNKNOWN,2.0,0.0,
身材(STATUR),other,,,,,,,,,,,,,,,,,,,,missing_as_explicit_category_then_onehot,MISSING_OR_UNKNOWN,5.0,0.0,
衣着厚度(BEKLST),other,,,,,,,,,,,,,,,,,,,,missing_as_explicit_category_then_onehot,MISSING_OR_UNKNOWN,5.0,0.0,
先期疾病1(VORKR1),other,,,,,,,,,,,,,,,,,,,,missing_as_explicit_category_then_onehot,MISSING_OR_UNKNOWN,15.0,1.0,10-脑部疾病，具体未知
先期疾病2(VORKR2),other,,,,,,,,,,,,,,,,,,,,missing_as_explicit_category_then_onehot,MISSING_OR_UNKNOWN,14.0,2.0,43-生理机能退化||52-肠胃疾病
先期疾病3(VORKR3),other,,,,,,,,,,,,,,,,,,,,missing_as_explicit_category_then_onehot,MISSING_OR_UNKNOWN,10.0,1.0,50-代谢系统疾病
酒精作用(MEDALK),other,,,,,,,,,,,,,,,,,,,,missing_as_explicit_category_then_onehot,MISSING_OR_UNKNOWN,6.0,0.0,
身体残疾或其他特殊情况(UNVERMOG),other,,,,,,,,,,,,,,,,,,,,missing_as_explicit_category_then_onehot,MISSING_OR_UNKNOWN,3.0,0.0,
自杀企图(SUIZID),other,,,,,,,,,,,,,,,,,,,,missing_as_explicit_category_then_onehot,MISSING_OR_UNKNOWN,3.0,0.0,
年龄月数记录(ALTER2),age,,,,,,,,,,,,,,,,,,,,missing_as_explicit_category_then_onehot,MISSING_OR_UNKNOWN,3.0,1.0,MISSING_OR_UNKNOWN
年龄段(ALTERG),age,,,,,,,,,,,,,,,,,,,,missing_as_explicit_category_then_onehot,MISSING_OR_UNKNOWN,10.0,0.0,
参与方类型(ARTTEIL),other,,,,,,,,,,,,,,,,,,,,missing_as_explicit_category_then_onehot,MISSING_OR_UNKNOWN,4.0,0.0,
主动安全场景(ACSCE),safety,,,,,,,,,,,,,,,,,,,,missing_as_explicit_category_then_onehot,MISSING_OR_UNKNOWN,32.0,1.0,703-On3-向右换道与对向目标物
酒精测试(ALKOTEST),other,,,,,,,,,,,,,,,,,,,,missing_as_explicit_category_then_onehot,MISSING_OR_UNKNOWN,4.0,0.0,
酒精测试结果(TESTERG),other,,,,,,,,,,,,,,,,,,,,missing_as_explicit_category_then_onehot,MISSING_OR_UNKNOWN,6.0,0.0,
血液测试(BLUTPR),other,,,,,,,,,,,,,,,,,,,,missing_as_explicit_category_then_onehot,MISSING_OR_UNKNOWN,4.0,0.0,
场景类型(PCSCNE),other,,,,,,,,,,,,,,,,,,,,missing_as_explicit_category_then_onehot,MISSING_OR_UNKNOWN,3.0,0.0,
碰撞时参与方状态(PARTISTATUS),crash_type,,,,,,,,,,,,,,,,,,,,missing_as_explicit_category_then_onehot,MISSING_OR_UNKNOWN,3.0,0.0,
ARU事故原因1(URSWIS1),other,,,,,,,,,,,,,,,,,,,,missing_as_explicit_category_then_onehot,MISSING_OR_UNKNOWN,29.0,1.0,32-从匝道汇入时忽视主干道上车辆的优先权
ARU事故原因2(URSWIS2),other,,,,,,,,,,,,,,,,,,,,missing_as_explicit_category_then_onehot,MISSING_OR_UNKNOWN,24.0,3.0,16-在错误的一边超车(未超过)||89-其他原因||9-未识别前方危情而继续驾驶
ARU事故原因3(URSWIS3),other,,,,,,,,,,,,,,,,,,,,missing_as_explicit_category_then_onehot,MISSING_OR_UNKNOWN,21.0,0.0,
ARU事故原因4(URSWIS4),other,,,,,,,,,,,,,,,,,,,,missing_as_explicit_category_then_onehot,MISSING_OR_UNKNOWN,3.0,1.0,89-其他原因
事故地点区域(ORTSL),other,,,,,,,,,,,,,,,,,,,,missing_as_explicit_category_then_onehot,MISSING_OR_UNKNOWN,5.0,0.0,
事故时段(TZEIT),other,,,,,,,,,,,,,,,,,,,,missing_as_explicit_category_then_onehot,MISSING_OR_UNKNOWN,3.0,0.0,
事故参与方总数(ANZBET),other,,,,,,,,,,,,,,,,,,,,missing_as_explicit_category_then_onehot,MISSING_OR_UNKNOWN,1.0,0.0,
事故车辆数(ANZBETFZ),other,,,,,,,,,,,,,,,,,,,,missing_as_explicit_category_then_onehot,MISSING_OR_UNKNOWN,1.0,0.0,
事故参与人数(ANZPERS),other,,,,,,,,,,,,,,,,,,,,missing_as_explicit_category_then_onehot,MISSING_OR_UNKNOWN,9.0,0.0,
事故类型(UTYP),crash_type,,,,,,,,,,,,,,,,,,,,missing_as_explicit_category_then_onehot,MISSING_OR_UNKNOWN,142.0,7.0,101-驾驶行为错误－在左转弯道上||345||354-路口，转向优先道路车辆与对向左转弯车辆（中国不适用）||384||465-行人穿行 - 路口后，车辆与从左侧固定障碍物后走出的横穿行人||472-行人穿行 - 路口后，超车车辆与右侧横穿行人||618
事故形态(CUART),other,,,,,,,,,,,,,,,,,,,,missing_as_explicit_category_then_onehot,MISSING_OR_UNKNOWN,2.0,0.0,
事故特征(UART),other,,,,,,,,,,,,,,,,,,,,missing_as_explicit_category_then_onehot,MISSING_OR_UNKNOWN,7.0,0.0,
风力(WINDV),weather,,,,,,,,,,,,,,,,,,,,missing_as_explicit_category_then_onehot,MISSING_OR_UNKNOWN,5.0,0.0,
云、雾(WOLK),other,,,,,,,,,,,,,,,,,,,,missing_as_explicit_category_then_onehot,MISSING_OR_UNKNOWN,7.0,0.0,
雾天时的能见度(NEBELM),other,,,,,,,,,,,,,,,,,,,,missing_as_explicit_category_then_onehot,MISSING_OR_UNKNOWN,6.0,1.0,4-小于50米
降水情况(NIED),other,,,,,,,,,,,,,,,,,,,,missing_as_explicit_category_then_onehot,MISSING_OR_UNKNOWN,4.0,0.0,
降水量(NIEDR),other,,,,,,,,,,,,,,,,,,,,missing_as_explicit_category_then_onehot,MISSING_OR_UNKNOWN,6.0,0.0,
交通灯设置位置(LZAU),other,,,,,,,,,,,,,,,,,,,,missing_as_explicit_category_then_onehot,MISSING_OR_UNKNOWN,5.0,0.0,
交通灯的功能(LZAB),other,,,,,,,,,,,,,,,,,,,,missing_as_explicit_category_then_onehot,MISSING_OR_UNKNOWN,6.0,0.0,
事故现场周边的公交车站(BUSH),other,,,,,,,,,,,,,,,,,,,,missing_as_explicit_category_then_onehot,MISSING_OR_UNKNOWN,6.0,1.0,5-无交通岛的道路
公交车站对事故的影响(BUSHE),other,,,,,,,,,,,,,,,,,,,,missing_as_explicit_category_then_onehot,MISSING_OR_UNKNOWN,3.0,0.0,
进入公交车站是否安全(BUSHS),safety,,,,,,,,,,,,,,,,,,,,missing_as_explicit_category_then_onehot,MISSING_OR_UNKNOWN,5.0,0.0,
事故现场道路环境(STFUHO),other,,,,,,,,,,,,,,,,,,,,missing_as_explicit_category_then_onehot,MISSING_OR_UNKNOWN,16.0,0.0,
事故路段车流量(VSTUFE),road_env,,,,,,,,,,,,,,,,,,,,missing_as_explicit_category_then_onehot,MISSING_OR_UNKNOWN,6.0,0.0,
星期(WOTAG),other,,,,,,,,,,,,,,,,,,,,missing_as_explicit_category_then_onehot,MISSING_OR_UNKNOWN,8.0,0.0,
事故碰撞总次数(ACCICOLLINO),crash_type,,,,,,,,,,,,,,,,,,,,missing_as_explicit_category_then_onehot,MISSING_OR_UNKNOWN,4.0,0.0,
道路类型(STRART),road_type,,,,,,,,,,,,,,,,,,,,missing_as_explicit_category_then_onehot,MISSING_OR_UNKNOWN,16.0,0.0,
公路分类(STRKL),road_type,,,,,,,,,,,,,,,,,,,,missing_as_explicit_category_then_onehot,MISSING_OR_UNKNOWN,11.0,0.0,
道路线性(STRLIN),other,,,,,,,,,,,,,,,,,,,,missing_as_explicit_category_then_onehot,MISSING_OR_UNKNOWN,7.0,0.0,
碰撞前的行驶方向(FZGRI),crash_type,,,,,,,,,,,,,,,,,,,,missing_as_explicit_category_then_onehot,MISSING_OR_UNKNOWN,11.0,0.0,
行驶车辆所在车道(FSTREIF),lane,,,,,,,,,,,,,,,,,,,,missing_as_explicit_category_then_onehot,MISSING_OR_UNKNOWN,34.0,1.0,9-未知
超车(UEBERHOL),other,,,,,,,,,,,,,,,,,,,,missing_as_explicit_category_then_onehot,MISSING_OR_UNKNOWN,10.0,0.0,
行驶方向的车道数(FSPUR),lane,,,,,,,,,,,,,,,,,,,,missing_as_explicit_category_then_onehot,MISSING_OR_UNKNOWN,9.0,1.0,6-6
对向车道数(FSPURG),lane,,,,,,,,,,,,,,,,,,,,missing_as_explicit_category_then_onehot,MISSING_OR_UNKNOWN,7.0,0.0,
不同行驶方向车道的隔离方法(MARK),lane,,,,,,,,,,,,,,,,,,,,missing_as_explicit_category_then_onehot,MISSING_OR_UNKNOWN,13.0,0.0,
中央隔离带的视觉防护板或防炫板(BLENDSCH),other,,,,,,,,,,,,,,,,,,,,missing_as_explicit_category_then_onehot,MISSING_OR_UNKNOWN,3.0,1.0,1-存在
视线障碍(SICHTBV),other,,,,,,,,,,,,,,,,,,,,missing_as_explicit_category_then_onehot,MISSING_OR_UNKNOWN,7.0,0.0,
视线障碍的类型(SICHTV),other,,,,,,,,,,,,,,,,,,,,missing_as_explicit_category_then_onehot,MISSING_OR_UNKNOWN,8.0,0.0,
广告牌影响(TAFELN),other,,,,,,,,,,,,,,,,,,,,missing_as_explicit_category_then_onehot,MISSING_OR_UNKNOWN,6.0,0.0,
道路施工(BAUST),other,,,,,,,,,,,,,,,,,,,,missing_as_explicit_category_then_onehot,MISSING_OR_UNKNOWN,3.0,1.0,9-未知
交通信号的视线障碍(VSSICHT),other,,,,,,,,,,,,,,,,,,,,missing_as_explicit_category_then_onehot,MISSING_OR_UNKNOWN,4.0,0.0,
交通限速设施(SPLIFA),other,,,,,,,,,,,,,,,,,,,,missing_as_explicit_category_then_onehot,MISSING_OR_UNKNOWN,8.0,0.0,
道路优先权(VORFB),other,,,,,,,,,,,,,,,,,,,,missing_as_explicit_category_then_onehot,MISSING_OR_UNKNOWN,5.0,0.0,
路灯(STRABEL),light,,,,,,,,,,,,,,,,,,,,missing_as_explicit_category_then_onehot,MISSING_OR_UNKNOWN,6.0,1.0,9-未知
路灯类型(LAMPEN),light,,,,,,,,,,,,,,,,,,,,missing_as_explicit_category_then_onehot,MISSING_OR_UNKNOWN,7.0,1.0,9-未知
道路材料(STRDECK),other,,,,,,,,,,,,,,,,,,,,missing_as_explicit_category_then_onehot,MISSING_OR_UNKNOWN,8.0,0.0,
道路状况(STRZ),other,,,,,,,,,,,,,,,,,,,,missing_as_explicit_category_then_onehot,MISSING_OR_UNKNOWN,3.0,0.0,
路面情况(STROB),road_surface,,,,,,,,,,,,,,,,,,,,missing_as_explicit_category_then_onehot,MISSING_OR_UNKNOWN,6.0,0.0,
水膜的影响(AQUAPL),other,,,,,,,,,,,,,,,,,,,,missing_as_explicit_category_then_onehot,MISSING_OR_UNKNOWN,4.0,0.0,
道路表面污染(SCHMUTZ),other,,,,,,,,,,,,,,,,,,,,missing_as_explicit_category_then_onehot,MISSING_OR_UNKNOWN,4.0,0.0,
道路表面(STRZB1),other,,,,,,,,,,,,,,,,,,,,missing_as_explicit_category_then_onehot,MISSING_OR_UNKNOWN,4.0,0.0,
道路表面几何(STRZB2),other,,,,,,,,,,,,,,,,,,,,missing_as_explicit_category_then_onehot,MISSING_OR_UNKNOWN,7.0,0.0,
道路表面的轨道(SCHIENEN),other,,,,,,,,,,,,,,,,,,,,missing_as_explicit_category_then_onehot,MISSING_OR_UNKNOWN,2.0,0.0,
道路横截面轮廓(PROFILQ),other,,,,,,,,,,,,,,,,,,,,missing_as_explicit_category_then_onehot,MISSING_OR_UNKNOWN,7.0,0.0,
沿道路方向的倾斜趋势(NEIGUNG),other,,,,,,,,,,,,,,,,,,,,missing_as_explicit_category_then_onehot,MISSING_OR_UNKNOWN,5.0,0.0,
是否有非机动车道(NOMOTLA),lane,,,,,,,,,,,,,,,,,,,,missing_as_explicit_category_then_onehot,MISSING_OR_UNKNOWN,5.0,0.0,
道路机非隔离形式(NOMOTLAME),other,,,,,,,,,,,,,,,,,,,,missing_as_explicit_category_then_onehot,MISSING_OR_UNKNOWN,5.0,0.0,
碰撞前驾驶员意图(ABSICHT),crash_type,,,,,,,,,,,,,,,,,,,,missing_as_explicit_category_then_onehot,MISSING_OR_UNKNOWN,11.0,1.0,9-未知
事故前觉察(WAHRNEHM),other,,,,,,,,,,,,,,,,,,,,missing_as_explicit_category_then_onehot,MISSING_OR_UNKNOWN,8.0,0.0,
事故前是否受到警告(REAKTHUP),other,,,,,,,,,,,,,,,,,,,,missing_as_explicit_category_then_onehot,MISSING_OR_UNKNOWN,4.0,0.0,
事故时的无意识变道(SPVERLA),other,,,,,,,,,,,,,,,,,,,,missing_as_explicit_category_then_onehot,MISSING_OR_UNKNOWN,4.0,0.0,
无意识变道原因(SPVERLAG),other,,,,,,,,,,,,,,,,,,,,missing_as_explicit_category_then_onehot,MISSING_OR_UNKNOWN,4.0,0.0,
避让反应(REAKTLE),other,,,,,,,,,,,,,,,,,,,,missing_as_explicit_category_then_onehot,MISSING_OR_UNKNOWN,7.0,0.0,
转向反应(REAKTLE2),other,,,,,,,,,,,,,,,,,,,,missing_as_explicit_category_then_onehot,MISSING_OR_UNKNOWN,7.0,0.0,
刹车响应(REAKTBR),other,,,,,,,,,,,,,,,,,,,,missing_as_explicit_category_then_onehot,MISSING_OR_UNKNOWN,5.0,0.0,
加速反应(REAKTGAS),other,,,,,,,,,,,,,,,,,,,,missing_as_explicit_category_then_onehot,MISSING_OR_UNKNOWN,5.0,0.0,
事故时是否醉酒(TRINKEN),other,,,,,,,,,,,,,,,,,,,,missing_as_explicit_category_then_onehot,MISSING_OR_UNKNOWN,5.0,0.0,
事故时的分心驾驶行为1(DISDRIVE1),other,,,,,,,,,,,,,,,,,,,,missing_as_explicit_category_then_onehot,MISSING_OR_UNKNOWN,4.0,0.0,
事故时的分心驾驶行为2(DISDRIVE2),other,,,,,,,,,,,,,,,,,,,,missing_as_explicit_category_then_onehot,MISSING_OR_UNKNOWN,3.0,0.0,
事故时的分心驾驶行为3(DISDRIVE3),other,,,,,,,,,,,,,,,,,,,,missing_as_explicit_category_then_onehot,MISSING_OR_UNKNOWN,3.0,0.0,
强光影响(BLEND),other,,,,,,,,,,,,,,,,,,,,missing_as_explicit_category_then_onehot,MISSING_OR_UNKNOWN,5.0,0.0,
强光光源(BLENDD),other,,,,,,,,,,,,,,,,,,,,missing_as_explicit_category_then_onehot,MISSING_OR_UNKNOWN,4.0,1.0,8-其他
车内视线障碍(SBINNEN),other,,,,,,,,,,,,,,,,,,,,missing_as_explicit_category_then_onehot,MISSING_OR_UNKNOWN,4.0,0.0,
车速过快(仅行人事故)(FGVFZG),other,,,,,,,,,,,,,,,,,,,,missing_as_explicit_category_then_onehot,MISSING_OR_UNKNOWN,3.0,0.0,
行人视线障碍(仅行人事故)(FZSEHEN),other,,,,,,,,,,,,,,,,,,,,missing_as_explicit_category_then_onehot,MISSING_OR_UNKNOWN,3.0,0.0,
停放车辆视线障碍(仅行人事故)(FGSHFZG),other,,,,,,,,,,,,,,,,,,,,missing_as_explicit_category_then_onehot,MISSING_OR_UNKNOWN,3.0,0.0,
其他视线障碍(仅行人事故)(FGSHAND),other,,,,,,,,,,,,,,,,,,,,missing_as_explicit_category_then_onehot,MISSING_OR_UNKNOWN,3.0,0.0,
行人未注意(仅行人事故)(FGAUFME),other,,,,,,,,,,,,,,,,,,,,missing_as_explicit_category_then_onehot,MISSING_OR_UNKNOWN,2.0,0.0,
估计事发前的速度(VSCHAETZ),other,,,,,,,,,,,,,,,,,,,,missing_as_explicit_category_then_onehot,MISSING_OR_UNKNOWN,102.0,14.0,100||16.2||26.82||28.6||30.17||34.8||38||43.5||47||47.09||49.09||53||57.89||76
是否佩戴眼镜(BRILLEB),other,,,,,,,,,,,,,,,,,,,,missing_as_explicit_category_then_onehot,MISSING_OR_UNKNOWN,5.0,1.0,8-其他
是否需要眼镜(BRILLE),other,,,,,,,,,,,,,,,,,,,,missing_as_explicit_category_then_onehot,MISSING_OR_UNKNOWN,5.0,0.0,
太阳镜(SBRILLE),other,,,,,,,,,,,,,,,,,,,,missing_as_explicit_category_then_onehot,MISSING_OR_UNKNOWN,3.0,0.0,
眼镜对事故的影响(BRILLEE),other,,,,,,,,,,,,,,,,,,,,missing_as_explicit_category_then_onehot,MISSING_OR_UNKNOWN,5.0,0.0,
随身携带的通讯工具的使用(FUNKB),other,,,,,,,,,,,,,,,,,,,,missing_as_explicit_category_then_onehot,MISSING_OR_UNKNOWN,6.0,0.0,
驾驶证种类(LICTYPE),other,,,,,,,,,,,,,,,,,,,,missing_as_explicit_category_then_onehot,MISSING_OR_UNKNOWN,5.0,0.0,
驾驶执照等级(DRILICEN),other,,,,,,,,,,,,,,,,,,,,missing_as_explicit_category_then_onehot,MISSING_OR_UNKNOWN,9.0,0.0,
驾照等级与车型是否相符(LICENFIT),other,,,,,,,,,,,,,,,,,,,,missing_as_explicit_category_then_onehot,MISSING_OR_UNKNOWN,6.0,0.0,
是否是实习期驾照(INTLIC),other,,,,,,,,,,,,,,,,,,,,missing_as_explicit_category_then_onehot,MISSING_OR_UNKNOWN,5.0,0.0,
车辆所有权来源(BESITZ),other,,,,,,,,,,,,,,,,,,,,missing_as_explicit_category_then_onehot,MISSING_OR_UNKNOWN,9.0,0.0,
事故前车辆要避让的对象(OBJAVOID),other,,,,,,,,,,,,,,,,,,,,missing_as_explicit_category_then_onehot,MISSING_OR_UNKNOWN,6.0,0.0,
VEH_车辆类型（自定义）(FART),other,,,,,,,,,,,,,,,,,,,,missing_as_explicit_category_then_onehot,MISSING_OR_UNKNOWN,2.0,0.0,
VEH_挂车数量(NOTRAI),other,,,,,,,,,,,,,,,,,,,,missing_as_explicit_category_then_onehot,MISSING_OR_UNKNOWN,2.0,0.0,
VEH_挂车是否参与碰撞(TRAIMPCT),crash_type,,,,,,,,,,,,,,,,,,,,missing_as_explicit_category_then_onehot,MISSING_OR_UNKNOWN,2.0,0.0,
VEH_官方车辆等级(KLASSECE),other,,,,,,,,,,,,,,,,,,,,missing_as_explicit_category_then_onehot,MISSING_OR_UNKNOWN,2.0,2.0,5-N2||9-未知
VEH_车辆类型(FZART),other,,,,,,,,,,,,,,,,,,,,missing_as_explicit_category_then_onehot,MISSING_OR_UNKNOWN,9.0,2.0,15-轻型货车||16-中型货车
VEH_新能源汽车类型(NEVTYPE),vehicle_state,,,,,,,,,,,,,,,,,,,,missing_as_explicit_category_then_onehot,MISSING_OR_UNKNOWN,5.0,0.0,
VEH_共享车辆(VEHSHARE),other,,,,,,,,,,,,,,,,,,,,missing_as_explicit_category_then_onehot,MISSING_OR_UNKNOWN,4.0,0.0,
VEH_车辆合法状况(VEHLAWF),other,,,,,,,,,,,,,,,,,,,,missing_as_explicit_category_then_onehot,MISSING_OR_UNKNOWN,4.0,0.0,
VEH_发动机类型(MOTOR),other,,,,,,,,,,,,,,,,,,,,missing_as_explicit_category_then_onehot,MISSING_OR_UNKNOWN,6.0,0.0,
VEH_燃料(EQUELLE),other,,,,,,,,,,,,,,,,,,,,missing_as_explicit_category_then_onehot,MISSING_OR_UNKNOWN,9.0,1.0,0-不适用
VEH_车辆是否超载(VEHOVLOA),other,,,,,,,,,,,,,,,,,,,,missing_as_explicit_category_then_onehot,MISSING_OR_UNKNOWN,3.0,0.0,
VEH_车辆颜色(FARBE),other,,,,,,,,,,,,,,,,,,,,missing_as_explicit_category_then_onehot,MISSING_OR_UNKNOWN,12.0,1.0,8-其他
VEH_左/右舵驾驶(LENKER),other,,,,,,,,,,,,,,,,,,,,missing_as_explicit_category_then_onehot,MISSING_OR_UNKNOWN,2.0,0.0,
VEH_车门数量(TUEREN),other,,,,,,,,,,,,,,,,,,,,missing_as_explicit_category_then_onehot,MISSING_OR_UNKNOWN,4.0,0.0,
VEH_车轴数(ACHSEN),other,,,,,,,,,,,,,,,,,,,,missing_as_explicit_category_then_onehot,MISSING_OR_UNKNOWN,3.0,0.0,
VEH_车辆轮胎数(VEHTIRENO),other,,,,,,,,,,,,,,,,,,,,missing_as_explicit_category_then_onehot,MISSING_OR_UNKNOWN,3.0,0.0,
VEH_特殊轮胎(ZBREIF),other,,,,,,,,,,,,,,,,,,,,missing_as_explicit_category_then_onehot,MISSING_OR_UNKNOWN,3.0,0.0,
VEH_前防撞栏(FSCHB),other,,,,,,,,,,,,,,,,,,,,missing_as_explicit_category_then_onehot,MISSING_OR_UNKNOWN,4.0,0.0,
VEH_NEDC续航里程(MILEAGE),other,,,,,,,,,,,,,,,,,,,,missing_as_explicit_category_then_onehot,MISSING_OR_UNKNOWN,26.0,2.0,445||450
VEH_动力电池容量(BATPOW),other,,,,,,,,,,,,,,,,,,,,missing_as_explicit_category_then_onehot,MISSING_OR_UNKNOWN,28.0,4.0,155||44.928||52.8||60.48
VEH_直流最大充电电压(DCCHV),other,,,,,,,,,,,,,,,,,,,,missing_as_explicit_category_then_onehot,MISSING_OR_UNKNOWN,12.0,3.0,282||355.2||394.2
VEH_直流最大充电电流(DCCHC),other,,,,,,,,,,,,,,,,,,,,missing_as_explicit_category_then_onehot,MISSING_OR_UNKNOWN,8.0,0.0,
VEH_交流最大充电电压(ACCHV),other,,,,,,,,,,,,,,,,,,,,missing_as_explicit_category_then_onehot,MISSING_OR_UNKNOWN,9.0,0.0,
VEH_交流最大充电电流(ACCHC),other,,,,,,,,,,,,,,,,,,,,missing_as_explicit_category_then_onehot,MISSING_OR_UNKNOWN,4.0,1.0,999999
VEH_动力电池种类(BATTYPE),other,,,,,,,,,,,,,,,,,,,,missing_as_explicit_category_then_onehot,MISSING_OR_UNKNOWN,7.0,0.0,
VEH_充电接口位置(CHALOC),other,,,,,,,,,,,,,,,,,,,,missing_as_explicit_category_then_onehot,MISSING_OR_UNKNOWN,10.0,1.0,10-前部和左侧后部
VEH_直流充电时间(DCTIME),other,,,,,,,,,,,,,,,,,,,,missing_as_explicit_category_then_onehot,MISSING_OR_UNKNOWN,12.0,2.0,0.55||1.5
VEH_交流充电时间(ACTIME),other,,,,,,,,,,,,,,,,,,,,missing_as_explicit_category_then_onehot,MISSING_OR_UNKNOWN,14.0,1.0,5.8
VEH_新能源车辆电池包损坏情况(BATDAM),other,,,,,,,,,,,,,,,,,,,,missing_as_explicit_category_then_onehot,MISSING_OR_UNKNOWN,4.0,0.0,
VEH_电池托盘材质(TRAYMAT),other,,,,,,,,,,,,,,,,,,,,missing_as_explicit_category_then_onehot,MISSING_OR_UNKNOWN,5.0,0.0,
VEH_发动机安装方式(MOTOREL),other,,,,,,,,,,,,,,,,,,,,missing_as_explicit_category_then_onehot,MISSING_OR_UNKNOWN,5.0,0.0,
VEH_发动机安装位置(MOTORL),other,,,,,,,,,,,,,,,,,,,,missing_as_explicit_category_then_onehot,MISSING_OR_UNKNOWN,5.0,0.0,
VEH_发动机增压(TURBO),other,,,,,,,,,,,,,,,,,,,,missing_as_explicit_category_then_onehot,MISSING_OR_UNKNOWN,6.0,1.0,1-有增压，具体未知
VEH_驱动形式(ANTR),other,,,,,,,,,,,,,,,,,,,,missing_as_explicit_category_then_onehot,MISSING_OR_UNKNOWN,8.0,1.0,2-没有驱动
VEH_后行李舱位置(LUGCOMP),other,,,,,,,,,,,,,,,,,,,,missing_as_explicit_category_then_onehot,MISSING_OR_UNKNOWN,5.0,0.0,
VEH_后行李舱与乘客的隔离方式(LUGCOMPIS),other,,,,,,,,,,,,,,,,,,,,missing_as_explicit_category_then_onehot,MISSING_OR_UNKNOWN,5.0,0.0,
VEH_车辆用途(VEHUSAGE),vehicle_state,,,,,,,,,,,,,,,,,,,,missing_as_explicit_category_then_onehot,MISSING_OR_UNKNOWN,10.0,1.0,5-一般货运
VEH_执行紧急任务的紧急车辆(BLICHT),light,,,,,,,,,,,,,,,,,,,,missing_as_explicit_category_then_onehot,MISSING_OR_UNKNOWN,2.0,0.0,
VEH_胎痕(BSPUR),lane,,,,,,,,,,,,,,,,,,,,missing_as_explicit_category_then_onehot,MISSING_OR_UNKNOWN,7.0,0.0,
VEH_胎痕的分布(SPURZ),lane,,,,,,,,,,,,,,,,,,,,missing_as_explicit_category_then_onehot,MISSING_OR_UNKNOWN,6.0,0.0,
VEH_碰撞前的滑移偏离(SCHLEU),crash_type,,,,,,,,,,,,,,,,,,,,missing_as_explicit_category_then_onehot,MISSING_OR_UNKNOWN,4.0,0.0,
VEH_碰撞前的滑移痕迹(SSPUR),lane,,,,,,,,,,,,,,,,,,,,missing_as_explicit_category_then_onehot,MISSING_OR_UNKNOWN,4.0,0.0,
VEH_碰撞前车辆运动曲线(RICHTVU),crash_type,,,,,,,,,,,,,,,,,,,,missing_as_explicit_category_then_onehot,MISSING_OR_UNKNOWN,9.0,0.0,
VEH_随车灭火器(FLFZG),other,,,,,,,,,,,,,,,,,,,,missing_as_explicit_category_then_onehot,MISSING_OR_UNKNOWN,5.0,0.0,
VEH_钻入碰撞(UFAHR),crash_type,,,,,,,,,,,,,,,,,,,,missing_as_explicit_category_then_onehot,MISSING_OR_UNKNOWN,7.0,0.0,
VEH_钻入方式(ARTUFAHR),other,,,,,,,,,,,,,,,,,,,,missing_as_explicit_category_then_onehot,MISSING_OR_UNKNOWN,4.0,0.0,
VEH_第几次碰撞导致的钻入(UFAHRK),crash_type,,,,,,,,,,,,,,,,,,,,missing_as_explicit_category_then_onehot,MISSING_OR_UNKNOWN,3.0,0.0,
VEH_是否平均载荷物(LOADDIST),other,,,,,,,,,,,,,,,,,,,,missing_as_explicit_category_then_onehot,MISSING_OR_UNKNOWN,5.0,0.0,
VEH_技术缺陷(TECHMAN),other,,,,,,,,,,,,,,,,,,,,missing_as_explicit_category_then_onehot,MISSING_OR_UNKNOWN,3.0,0.0,
VEH_技术缺陷类型 1(TWELCH1),other,,,,,,,,,,,,,,,,,,,,missing_as_explicit_category_then_onehot,MISSING_OR_UNKNOWN,3.0,0.0,
VEH_技术缺陷类型 2(TWELCH2),other,,,,,,,,,,,,,,,,,,,,missing_as_explicit_category_then_onehot,MISSING_OR_UNKNOWN,2.0,0.0,
VEH_技术缺陷类型 3(TWELCH3),other,,,,,,,,,,,,,,,,,,,,missing_as_explicit_category_then_onehot,MISSING_OR_UNKNOWN,2.0,0.0,
VEH_技术缺陷类型 4(TWELCH4),other,,,,,,,,,,,,,,,,,,,,missing_as_explicit_category_then_onehot,MISSING_OR_UNKNOWN,2.0,0.0,
VEH_技术缺陷类型 5(TWELCH5),other,,,,,,,,,,,,,,,,,,,,missing_as_explicit_category_then_onehot,MISSING_OR_UNKNOWN,2.0,0.0,
VEH_已确定的技术缺陷对事故的影响(UNFMANG),other,,,,,,,,,,,,,,,,,,,,missing_as_explicit_category_then_onehot,MISSING_OR_UNKNOWN,3.0,0.0,
VEH_变速器(GETRIEBE),other,,,,,,,,,,,,,,,,,,,,missing_as_explicit_category_then_onehot,MISSING_OR_UNKNOWN,12.0,0.0,
VEH_照明系统类型-近光灯(SWARTA1),light,,,,,,,,,,,,,,,,,,,,missing_as_explicit_category_then_onehot,MISSING_OR_UNKNOWN,6.0,0.0,
VEH_照明系统类型-远光灯(SWARTF1),light,,,,,,,,,,,,,,,,,,,,missing_as_explicit_category_then_onehot,MISSING_OR_UNKNOWN,7.0,0.0,
VEH_照明系统类型-日行灯(SWARTT1),light,,,,,,,,,,,,,,,,,,,,missing_as_explicit_category_then_onehot,MISSING_OR_UNKNOWN,6.0,0.0,
VEH_智能前大灯控制(FLICHTASS1),light,,,,,,,,,,,,,,,,,,,,missing_as_explicit_category_then_onehot,MISSING_OR_UNKNOWN,5.0,0.0,
VEH_适应性光线分布(ADAPTLV1),other,,,,,,,,,,,,,,,,,,,,missing_as_explicit_category_then_onehot,MISSING_OR_UNKNOWN,5.0,0.0,
VEH_前照灯清洗系统(SWPUTZ1),other,,,,,,,,,,,,,,,,,,,,missing_as_explicit_category_then_onehot,MISSING_OR_UNKNOWN,5.0,0.0,
VEH_前照灯污染(SWSCHM1),other,,,,,,,,,,,,,,,,,,,,missing_as_explicit_category_then_onehot,MISSING_OR_UNKNOWN,6.0,0.0,
VEH_前雾灯的使用(NEBELV1),other,,,,,,,,,,,,,,,,,,,,missing_as_explicit_category_then_onehot,MISSING_OR_UNKNOWN,5.0,0.0,
VEH_行人主动安全系统(FGSCHUTZ1),safety,,,,,,,,,,,,,,,,,,,,missing_as_explicit_category_then_onehot,MISSING_OR_UNKNOWN,8.0,1.0,MISSING_OR_UNKNOWN
VEH_前部停车距离控制(PARKV1),other,,,,,,,,,,,,,,,,,,,,missing_as_explicit_category_then_onehot,MISSING_OR_UNKNOWN,6.0,0.0,
VEH_后部停车距离控制(PARKH1),other,,,,,,,,,,,,,,,,,,,,missing_as_explicit_category_then_onehot,MISSING_OR_UNKNOWN,7.0,2.0,1-存在，具体未知||8-其他
VEH_自动停车系统(AUEINP1),other,,,,,,,,,,,,,,,,,,,,missing_as_explicit_category_then_onehot,MISSING_OR_UNKNOWN,4.0,0.0,
VEH_后雾灯的使用(NEBELH1),other,,,,,,,,,,,,,,,,,,,,missing_as_explicit_category_then_onehot,MISSING_OR_UNKNOWN,5.0,0.0,
VEH_车尾灯(RLIART1),other,,,,,,,,,,,,,,,,,,,,missing_as_explicit_category_then_onehot,MISSING_OR_UNKNOWN,6.0,0.0,
VEH_刹车灯(BLIART1),other,,,,,,,,,,,,,,,,,,,,missing_as_explicit_category_then_onehot,MISSING_OR_UNKNOWN,5.0,0.0,
VEH_智能刹车灯(BREMSLI1),other,,,,,,,,,,,,,,,,,,,,missing_as_explicit_category_then_onehot,MISSING_OR_UNKNOWN,6.0,0.0,
VEH_牵引力控制系统(ASR1),other,,,,,,,,,,,,,,,,,,,,missing_as_explicit_category_then_onehot,MISSING_OR_UNKNOWN,4.0,0.0,
VEH_电子稳定程序(ESP1),other,,,,,,,,,,,,,,,,,,,,missing_as_explicit_category_then_onehot,MISSING_OR_UNKNOWN,3.0,1.0,MISSING_OR_UNKNOWN
VEH_限速系统(VSTOP1),other,,,,,,,,,,,,,,,,,,,,missing_as_explicit_category_then_onehot,MISSING_OR_UNKNOWN,4.0,0.0,
VEH_换挡控制单元(BESCHALT1),other,,,,,,,,,,,,,,,,,,,,missing_as_explicit_category_then_onehot,MISSING_OR_UNKNOWN,7.0,0.0,
VEH_通信设备控制单元(BETELKOM1),other,,,,,,,,,,,,,,,,,,,,missing_as_explicit_category_then_onehot,MISSING_OR_UNKNOWN,6.0,1.0,4-转向柱上也有
VEH_语音控制(SPVORH1),other,,,,,,,,,,,,,,,,,,,,missing_as_explicit_category_then_onehot,MISSING_OR_UNKNOWN,5.0,0.0,
VEH_抬头显示(HUDVORH1),other,,,,,,,,,,,,,,,,,,,,missing_as_explicit_category_then_onehot,MISSING_OR_UNKNOWN,5.0,0.0,
VEH_挡风玻璃加热装置(FSHEIZ1),other,,,,,,,,,,,,,,,,,,,,missing_as_explicit_category_then_onehot,MISSING_OR_UNKNOWN,4.0,0.0,
VEH_后窗加热装置(HSHEIZ1),other,,,,,,,,,,,,,,,,,,,,missing_as_explicit_category_then_onehot,MISSING_OR_UNKNOWN,4.0,0.0,
VEH_日间行车灯(TAGFL1),other,,,,,,,,,,,,,,,,,,,,missing_as_explicit_category_then_onehot,MISSING_OR_UNKNOWN,8.0,0.0,
VEH_缺气保用轮胎(防爆轮胎)(RPANNE1),other,,,,,,,,,,,,,,,,,,,,missing_as_explicit_category_then_onehot,MISSING_OR_UNKNOWN,5.0,0.0,
VEH_胎压检测(RDRUCKK1),other,,,,,,,,,,,,,,,,,,,,missing_as_explicit_category_then_onehot,MISSING_OR_UNKNOWN,4.0,0.0,
VEH_刹车辅助系统(BREMSASS1),other,,,,,,,,,,,,,,,,,,,,missing_as_explicit_category_then_onehot,MISSING_OR_UNKNOWN,4.0,1.0,MISSING_OR_UNKNOWN
VEH_自动紧急制动系统(AEB1),safety,,,,,,,,,,,,,,,,,,,,missing_as_explicit_category_then_onehot,MISSING_OR_UNKNOWN,4.0,1.0,3-有，激活
VEH_车道偏离报警系统(SPURHAW1),lane,,,,,,,,,,,,,,,,,,,,missing_as_explicit_category_then_onehot,MISSING_OR_UNKNOWN,4.0,0.0,
VEH_车道保持系统(SPURHAE1),lane,,,,,,,,,,,,,,,,,,,,missing_as_explicit_category_then_onehot,MISSING_OR_UNKNOWN,6.0,0.0,
VEH_车道变更警告(SPURWAW1),lane,,,,,,,,,,,,,,,,,,,,missing_as_explicit_category_then_onehot,MISSING_OR_UNKNOWN,4.0,0.0,
VEH_自动变道辅助(SPURWAE1),lane,,,,,,,,,,,,,,,,,,,,missing_as_explicit_category_then_onehot,MISSING_OR_UNKNOWN,5.0,1.0,3-有，激活
VEH_碰撞预警(COLLWARN1),crash_type,,,,,,,,,,,,,,,,,,,,missing_as_explicit_category_then_onehot,MISSING_OR_UNKNOWN,5.0,0.0,
VEH_酒精锁死系统(ALKOLOCK1),other,,,,,,,,,,,,,,,,,,,,missing_as_explicit_category_then_onehot,MISSING_OR_UNKNOWN,3.0,0.0,
VEH_疲劳驾驶提醒(ABLENKON1),other,,,,,,,,,,,,,,,,,,,,missing_as_explicit_category_then_onehot,MISSING_OR_UNKNOWN,5.0,0.0,
VEH_夜间后视警告(RHILFNS1),light,,,,,,,,,,,,,,,,,,,,missing_as_explicit_category_then_onehot,MISSING_OR_UNKNOWN,5.0,0.0,
VEH_夜视系统(NIGHTV1),light,,,,,,,,,,,,,,,,,,,,missing_as_explicit_category_then_onehot,MISSING_OR_UNKNOWN,5.0,0.0,
VEH_夜视仪-安装位置(NIGHTWO1),light,,,,,,,,,,,,,,,,,,,,missing_as_explicit_category_then_onehot,MISSING_OR_UNKNOWN,4.0,0.0,
VEH_左侧遮阳板(SBLENDL1),other,,,,,,,,,,,,,,,,,,,,missing_as_explicit_category_then_onehot,MISSING_OR_UNKNOWN,6.0,0.0,
VEH_右侧遮阳板(SBLENDR1),other,,,,,,,,,,,,,,,,,,,,missing_as_explicit_category_then_onehot,MISSING_OR_UNKNOWN,8.0,0.0,
VEH_中部遮阳板(SBLENDM1),other,,,,,,,,,,,,,,,,,,,,missing_as_explicit_category_then_onehot,MISSING_OR_UNKNOWN,5.0,0.0,
VEH_遮阳挡风玻璃(WSSS1),other,,,,,,,,,,,,,,,,,,,,missing_as_explicit_category_then_onehot,MISSING_OR_UNKNOWN,6.0,2.0,0-不适用||5-铝箔粘合剂-透明
VEH_挡风玻璃对视野的限制(WSSICHT1),other,,,,,,,,,,,,,,,,,,,,missing_as_explicit_category_then_onehot,MISSING_OR_UNKNOWN,5.0,0.0,
VEH_后窗对视野的限制(HSSICHT1),other,,,,,,,,,,,,,,,,,,,,missing_as_explicit_category_then_onehot,MISSING_OR_UNKNOWN,6.0,0.0,
VEH_车辆内部噪声(AKUSTIK1),other,,,,,,,,,,,,,,,,,,,,missing_as_explicit_category_then_onehot,MISSING_OR_UNKNOWN,6.0,0.0,
VEH_制动防抱死系统(FABS1),vehicle_state,,,,,,,,,,,,,,,,,,,,missing_as_explicit_category_then_onehot,MISSING_OR_UNKNOWN,3.0,1.0,MISSING_OR_UNKNOWN
VEH_制动力分配系统(EBD1),vehicle_state,,,,,,,,,,,,,,,,,,,,missing_as_explicit_category_then_onehot,MISSING_OR_UNKNOWN,4.0,1.0,MISSING_OR_UNKNOWN
VEH_电动汽车提示音系统(AVAS),other,,,,,,,,,,,,,,,,,,,,missing_as_explicit_category_then_onehot,MISSING_OR_UNKNOWN,3.0,2.0,1-有，开启||4-无
VEH_动能回收系统强弱(KERSSTA),other,,,,,,,,,,,,,,,,,,,,missing_as_explicit_category_then_onehot,MISSING_OR_UNKNOWN,4.0,0.0,
VEH_是否为挂车(ISTRAILER),other,,,,,,,,,,,,,,,,,,,,missing_as_explicit_category_then_onehot,MISSING_OR_UNKNOWN,2.0,0.0,
VEH_第一轴是否双胎(DOUTIRE1),other,,,,,,,,,,,,,,,,,,,,missing_as_explicit_category_then_onehot,MISSING_OR_UNKNOWN,2.0,1.0,1-是
VEH_第一轴左侧轮胎尺寸-宽度(TIRESIW1L),other,,,,,,,,,,,,,,,,,,,,missing_as_explicit_category_then_onehot,MISSING_OR_UNKNOWN,16.0,0.0,
VEH_第一轴左侧轮胎尺寸-高宽比(TIRESIR1L),other,,,,,,,,,,,,,,,,,,,,missing_as_explicit_category_then_onehot,MISSING_OR_UNKNOWN,10.0,0.0,
VEH_第一轴左侧轮胎尺寸-轮辋直径(TIRESIH1L),other,,,,,,,,,,,,,,,,,,,,missing_as_explicit_category_then_onehot,MISSING_OR_UNKNOWN,10.0,0.0,
VEH_第一轴左侧轮胎生产年份(TIREYE1L),other,,,,,,,,,,,,,,,,,,,,missing_as_explicit_category_then_onehot,MISSING_OR_UNKNOWN,17.0,0.0,
VEH_第一轴左侧轮胎生产星期(TIREWE1L),other,,,,,,,,,,,,,,,,,,,,missing_as_explicit_category_then_onehot,MISSING_OR_UNKNOWN,55.0,0.0,
VEH_第一轴左侧轮胎纹深(TIREDE1L),other,,,,,,,,,,,,,,,,,,,,missing_as_explicit_category_then_onehot,MISSING_OR_UNKNOWN,11.0,1.0,1-1
VEH_第一轴左侧轮胎胎压(TIREPR1L),other,,,,,,,,,,,,,,,,,,,,missing_as_explicit_category_then_onehot,MISSING_OR_UNKNOWN,25.0,2.0,2-2||37-37
VEH_第一轴左侧轮胎胎面状态(TIREDA1L),other,,,,,,,,,,,,,,,,,,,,missing_as_explicit_category_then_onehot,MISSING_OR_UNKNOWN,8.0,1.0,4-双侧边缘磨损
VEH_第一轴右侧轮胎尺寸-宽度(TIRESIW1R),other,,,,,,,,,,,,,,,,,,,,missing_as_explicit_category_then_onehot,MISSING_OR_UNKNOWN,16.0,0.0,
VEH_第一轴右侧轮胎尺寸-高宽比(TIRESIR1R),other,,,,,,,,,,,,,,,,,,,,missing_as_explicit_category_then_onehot,MISSING_OR_UNKNOWN,11.0,0.0,
VEH_第一轴右侧轮胎尺寸-轮辋直径(TIRESIH1R),other,,,,,,,,,,,,,,,,,,,,missing_as_explicit_category_then_onehot,MISSING_OR_UNKNOWN,10.0,0.0,
VEH_第一轴右侧轮胎生产年份(TIREYE1R),other,,,,,,,,,,,,,,,,,,,,missing_as_explicit_category_then_onehot,MISSING_OR_UNKNOWN,14.0,0.0,
VEH_第一轴右侧轮胎生产星期(TIREWE1RL),other,,,,,,,,,,,,,,,,,,,,missing_as_explicit_category_then_onehot,MISSING_OR_UNKNOWN,53.0,1.0,30-30
VEH_第一轴右侧轮胎纹深(TIREDE1R),other,,,,,,,,,,,,,,,,,,,,missing_as_explicit_category_then_onehot,MISSING_OR_UNKNOWN,10.0,0.0,
VEH_第一轴右侧轮胎胎压(TIREPR1R),other,,,,,,,,,,,,,,,,,,,,missing_as_explicit_category_then_onehot,MISSING_OR_UNKNOWN,25.0,1.0,33-33
VEH_第一轴右侧轮胎胎面状态(TIREDA1R),other,,,,,,,,,,,,,,,,,,,,missing_as_explicit_category_then_onehot,MISSING_OR_UNKNOWN,8.0,1.0,4-双侧边缘磨损
VEH_第二轴是否双胎(DOUTIRE2),other,,,,,,,,,,,,,,,,,,,,missing_as_explicit_category_then_onehot,MISSING_OR_UNKNOWN,3.0,0.0,
VEH_第二轴左侧轮胎尺寸-宽度(TIRESIW2L),other,,,,,,,,,,,,,,,,,,,,missing_as_explicit_category_then_onehot,MISSING_OR_UNKNOWN,16.0,0.0,
VEH_第二轴左侧轮胎尺寸-高宽比(TIRESIR2L),other,,,,,,,,,,,,,,,,,,,,missing_as_explicit_category_then_onehot,MISSING_OR_UNKNOWN,11.0,0.0,
VEH_第二轴左侧轮胎尺寸-轮辋直径(TIRESIH2L),other,,,,,,,,,,,,,,,,,,,,missing_as_explicit_category_then_onehot,MISSING_OR_UNKNOWN,10.0,0.0,
VEH_第二轴左侧轮胎生产年份(TIREYE2L),other,,,,,,,,,,,,,,,,,,,,missing_as_explicit_category_then_onehot,MISSING_OR_UNKNOWN,17.0,0.0,
VEH_第二轴左侧轮胎生产星期(TIREWE2L),other,,,,,,,,,,,,,,,,,,,,missing_as_explicit_category_then_onehot,MISSING_OR_UNKNOWN,53.0,1.0,39-39
VEH_第二轴左侧轮胎纹深(TIREDE2L),other,,,,,,,,,,,,,,,,,,,,missing_as_explicit_category_then_onehot,MISSING_OR_UNKNOWN,10.0,0.0,
VEH_第二轴左侧轮胎胎压(TIREPR2L),other,,,,,,,,,,,,,,,,,,,,missing_as_explicit_category_then_onehot,MISSING_OR_UNKNOWN,25.0,1.0,14-14
VEH_第二轴左侧轮胎胎面状态(TIREDA2L),other,,,,,,,,,,,,,,,,,,,,missing_as_explicit_category_then_onehot,MISSING_OR_UNKNOWN,7.0,0.0,
VEH_第二轴右侧轮胎尺寸-宽度(TIRESIW2R),other,,,,,,,,,,,,,,,,,,,,missing_as_explicit_category_then_onehot,MISSING_OR_UNKNOWN,16.0,0.0,
VEH_第二轴右侧轮胎尺寸-高宽比(TIRESIR2R),other,,,,,,,,,,,,,,,,,,,,missing_as_explicit_category_then_onehot,MISSING_OR_UNKNOWN,11.0,0.0,
VEH_第二轴右侧轮胎尺寸-轮辋直径(TIRESIH2R),other,,,,,,,,,,,,,,,,,,,,missing_as_explicit_category_then_onehot,MISSING_OR_UNKNOWN,10.0,0.0,
VEH_第二轴右侧轮胎生产年份(TIREYE2R),other,,,,,,,,,,,,,,,,,,,,missing_as_explicit_category_then_onehot,MISSING_OR_UNKNOWN,16.0,0.0,
VEH_第二轴右侧轮胎生产星期(TIREWE2RL),other,,,,,,,,,,,,,,,,,,,,missing_as_explicit_category_then_onehot,MISSING_OR_UNKNOWN,52.0,2.0,40-40||9-9
VEH_第二轴右侧轮胎纹深(TIREDE2R),other,,,,,,,,,,,,,,,,,,,,missing_as_explicit_category_then_onehot,MISSING_OR_UNKNOWN,12.0,0.0,
VEH_第二轴右侧轮胎胎压(TIREPR2R),other,,,,,,,,,,,,,,,,,,,,missing_as_explicit_category_then_onehot,MISSING_OR_UNKNOWN,32.0,4.0,15-15||39-39||41-41||60-60
VEH_第二轴右侧轮胎胎面状态(TIREDA2R),other,,,,,,,,,,,,,,,,,,,,missing_as_explicit_category_then_onehot,MISSING_OR_UNKNOWN,8.0,1.0,2-损坏，具体未知
VEH_碰撞物体(KONOBJ),crash_type,,,,,,,,,,,,,,,,,,,,missing_as_explicit_category_then_onehot,MISSING_OR_UNKNOWN,3.0,3.0,0 ||不适用||路边隔离装置
VEH_本次碰撞前的驶离道路(ABKOM),crash_type,,,,,,,,,,,,,,,,,,,,missing_as_explicit_category_then_onehot,MISSING_OR_UNKNOWN,6.0,0.0,
VEH_本次碰撞前是否制动(BRAKEBEF),crash_type,,,,,,,,,,,,,,,,,,,,missing_as_explicit_category_then_onehot,MISSING_OR_UNKNOWN,6.0,0.0,
VEH_本次碰撞前是否转向(STEERING),crash_type,,,,,,,,,,,,,,,,,,,,missing_as_explicit_category_then_onehot,MISSING_OR_UNKNOWN,7.0,0.0,
VEH_本次碰撞前的小碰撞(SMIMPCT),crash_type,,,,,,,,,,,,,,,,,,,,missing_as_explicit_category_then_onehot,MISSING_OR_UNKNOWN,2.0,1.0,177-路牙石
VEH_是否与柱状物碰撞(COLUCOLLI),crash_type,,,,,,,,,,,,,,,,,,,,missing_as_explicit_category_then_onehot,MISSING_OR_UNKNOWN,2.0,0.0,
VEH_柱状物离道路的距离(MABST),other,,,,,,,,,,,,,,,,,,,,binary_as_0_1,,,,
VEH_是否驶入沟渠(DIDITCH),other,,,,,,,,,,,,,,,,,,,,missing_as_explicit_category_then_onehot,MISSING_OR_UNKNOWN,2.0,0.0,
VEH_沟渠深度(DITCHDPT),other,,,,,,,,,,,,,,,,,,,,binary_as_0_1,,,,
VEH_沟渠宽度(DITWIDTH),other,,,,,,,,,,,,,,,,,,,,binary_as_0_1,,,,
VEH_沟渠与道路水平面的高度差(ALTDIFF),other,,,,,,,,,,,,,,,,,,,,binary_as_0_1,,,,
VEH_沟渠中心与道路边沿的水平距离(HORDIST),other,,,,,,,,,,,,,,,,,,,,binary_as_0_1,,,,
VEH_沟渠水深(WATDEP),other,,,,,,,,,,,,,,,,,,,,binary_as_0_1,,,,
VEH_是否驶入边坡(SIDERAMP),other,,,,,,,,,,,,,,,,,,,,missing_as_explicit_category_then_onehot,MISSING_OR_UNKNOWN,3.0,0.0,
VEH_是否与护栏碰撞(BARRCOLLI),crash_type,,,,,,,,,,,,,,,,,,,,missing_as_explicit_category_then_onehot,MISSING_OR_UNKNOWN,3.0,0.0,
VEH_护栏类型(PLANKEA),other,,,,,,,,,,,,,,,,,,,,missing_as_explicit_category_then_onehot,MISSING_OR_UNKNOWN,4.0,1.0,3-左侧道路边缘
VEH_护栏导轨类型(SPLANKE),other,,,,,,,,,,,,,,,,,,,,missing_as_explicit_category_then_onehot,MISSING_OR_UNKNOWN,3.0,1.0,8-标准距离护栏(B型)
VEH_护栏立柱间距(SPPFOST),other,,,,,,,,,,,,,,,,,,,,missing_as_explicit_category_then_onehot,MISSING_OR_UNKNOWN,3.0,1.0,3-间距为 400cm
VEH_与护栏碰撞的事故类型(PLANKEK),crash_type,,,,,,,,,,,,,,,,,,,,missing_as_explicit_category_then_onehot,MISSING_OR_UNKNOWN,4.0,1.0,3-刮擦
FEATURE_Is_RushHour,other,,,,,,,,,,,,,,,,,,,,binary_as_0_1,,,,
FEATURE_Is_Night,light,,,,,,,,,,,,,,,,,,,,binary_as_0_1,,,,
FEATURE_Is_Weekend,other,,,,,,,,,,,,,,,,,,,,binary_as_0_1,,,,
FEATURE_Opp_Is_PureEV,other,,,,,,,,,,,,,,,,,,,,binary_as_0_1,,,,
FEATURE_Opp_Is_HybridEV,vehicle_state,,,,,,,,,,,,,,,,,,,,binary_as_0_1,,,,
FEATURE_Opp_Is_NEV,vehicle_state,,,,,,,,,,,,,,,,,,,,binary_as_0_1,,,,
FEATURE_Opp_Powertrain,vehicle_state,,,,,,,,,,,,,,,,,,,,missing_as_explicit_category_then_onehot,MISSING_OR_UNKNOWN,4.0,0.0,
FEATURE_Age_Group,age,,,,,,,,,,,,,,,,,,,,missing_as_explicit_category_then_onehot,MISSING_OR_UNKNOWN,4.0,0.0,
VEH_FEATURE_Speed_Group,other,,,,,,,,,,,,,,,,,,,,missing_as_explicit_category_then_onehot,MISSING_OR_UNKNOWN,4.0,0.0,
